INSERT INTO test_db_1.tb_1 VALUES (1,1),(2,2),(3,3),(7,7),(9,9),(10,10),(11,11),(12,12),(14,14),(16,16),(17,17),(18,18),(19,19);
INSERT INTO test_db_1.tb_1_more VALUES (1,1),(2,2),(3,3),(7,7),(9,9),(10,10),(11,11),(12,12),(14,14),(16,16),(17,17),(18,18),(19,19),(20,20),(21,21),(22,22),(23,23),(24,24),(25,25),(26,26),(27,27),(28,28),(29,29),(30,30);

INSERT INTO test_db_1.tb_2 VALUES ('1',1),('2',2),('3',3),('7',7),('9',9),('10',10),('11',11),('12',12),('14',14),('16',16),('17',17),('18',18),('19',19);

INSERT INTO test_db_1.tb_3 VALUES (1,1),(2,2),(3,3),(7,7),(9,9),(10,10),(11,11),(12,12),(14,14),(16,16),(17,17),(18,18),(19,19);
INSERT INTO test_db_1.tb_3_null VALUES (1,1,1),(2,2,2),(3,3,3),(7,7,7),(9,9,9),(10,10,10),(11,11,11),(12,12,12),(14,14,14),(16,16,16),(17,17,17),(18,18,18),(19,19,19),(100,NULL,100),(200,NULL,200);

INSERT INTO test_db_1.tb_4 VALUES (1,1,1),(2,2,2),(3,3,3),(7,7,7),(9,9,9),(10,10,10),(11,11,11),(12,12,12),(14,14,14),(16,16,16),(17,17,17),(18,18,18),(19,19,19),(100,NULL,100),(200,NULL,200);

INSERT INTO test_db_1.tb_all_null_1 VALUES (NULL,NULL),(NULL,NULL),(NULL,NULL),(NULL,NULL),(NULL,NULL),(NULL,NULL),(NULL,NULL),(NULL,NULL),(NULL,NULL),(NULL,NULL),(NULL,NULL),(NULL,NULL);
INSERT INTO test_db_1.tb_all_null_2 VALUES (NULL,NULL),(NULL,NULL),(NULL,NULL),(NULL,NULL),(NULL,NULL),(NULL,NULL),(NULL,NULL),(NULL,NULL),(NULL,NULL),(NULL,NULL),(NULL,NULL),(NULL,NULL);

-- test where condition
INSERT INTO test_db_1.where_condition_1 VALUES(1, 1),(2, 2),(3, 3),(4, 4),(5, 5),(6, 6),(7, 7),(8, 8),(9, 9),(10, 10);
INSERT INTO test_db_1.where_condition_2 VALUES(1, 1),(2, 2),(3, 3),(4, 4),(5, 5),(6, 6),(7, 7),(8, 8),(9, 9),(10, 10);

INSERT INTO test_db_1.tb_fallback_1 VALUES (1,1),(1,1),(1,1),(1,1),(1,1),(1,1),(1,1),(1,1),(1,1),(1,1),(1,1),(1,1),(1,1),(1,1),(1,1),(1,1),(1,1),(1,1),(1,1),(1,1),(1,1),(1,1),(1,1),(1,1),(1,1),(1,1),(1,1),(1,1),(1,1);
INSERT INTO test_db_1.tb_fallback_2 VALUES (1,1),(2,2),(3,3),(7,7),(9,9),(10,10);
INSERT INTO test_db_1.tb_fallback_3 VALUES (1,1),(1,1),(1,1),(1,1),(1,1),
                                           (1,1),(1,1),(1,1),(1,1),(1,1),
                                           (1,1),(1,1),(1,1),(1,1),(1,1),
                                           (1,1),(1,1),(1,1),(1,1),(1,1),
                                           (2,2),(2,2),(2,2),(2,2),(2,2),
                                           (2,2),(2,2),(2,2),(2,2),(2,2),
                                           (2,2),(2,2),(2,2),(2,2),(2,2),
                                           (2,2),(2,2),(2,2),(2,2),(2,2),
                                           (2,2),(2,2),(2,2),(2,2),(2,2);

-- 1. Int
INSERT INTO test_db_2.tb_4 VALUES 
(1,1,1), (2,2,2), (3,3,3), (7,7,7), (9,9,9), (10,10,10), (11,11,11), 
(12,12,12), (14,14,14), (16,16,16), (17,17,17), (18,18,18), (19,19,19), 
(100,NULL,100), (200,NULL,200);

-- 2. BigInt Signed
INSERT INTO test_db_2.tb_bigint VALUES 
(1, -9223372036854775808, 'min_limit'), (2, -100, 'negative'), (3, 0, 'zero'),
(4, 1, 'small'), (5, 922337203685477580, 'near_max'), (6, 15234234234234, 'snowflake'),
(7, 10000000000, 'large_num'), (8, NULL, 'is_null_1'), (9, NULL, 'is_null_2'),
(10, 500, 'gap_fill_1'), (11, 1000, 'gap_fill_2'), (12, 100000, 'gap_fill_3'),
(13, 222222222, 'seq_1'), (14, 333333333, 'seq_2'), (15, 444444444, 'seq_3'),
(16, 555555555, 'seq_4'), (17, 666666666, 'seq_5'), (18, 777777777, 'seq_6'),
(19, 888888888, 'seq_7'), (20, 999999999, 'seq_8'), (21, 9223372036854775807, 'max_limit');

-- 3. Varchar Unique
INSERT INTO test_db_2.tb_varchar VALUES 
(1,'abc',1), (2,'abd',2), (3,'z',3), (4,'100',4), (5,'2',5), (6,'USER_001',6),
(7,'',7), (8,NULL,8), (9,'admin',9), (10,'guest',10), (11,'root',11),
(12,'test_long_string_value_here',12), (13,'!@#$%',13), (14,' ',14), 
(15,'Chinese_中文',15), (16,'Emoji_😊',16), (17,'10',17), (18,'20',18), 
(19,'a',19), (20,'A',20), (21,'gap_test',21), (22,'boundary_z',22);

-- 4. Char/UUID
INSERT INTO test_db_2.tb_char VALUES 
(1,'550e8400-e29b-41d4-a716-446655440000',1), (2,'550e8400-e29b-41d4-a716-446655440001',2),
(3,'00000000-0000-0000-0000-000000000000',3), (4,'ffffffff-ffff-ffff-ffff-ffffffffffff',4),
(5,NULL,5), (6,'a-b-c-d-e',6), (7,'1-2-3-4-5',7), (8,'10000000-0000-0000-0000-000000000000',8),
(9,'20000000-0000-0000-0000-000000000000',9), (10,'30000000-0000-0000-0000-000000000000',10),
(11,'40000000-0000-0000-0000-000000000000',11), (12,'50000000-0000-0000-0000-000000000000',12),
(13,'60000000-0000-0000-0000-000000000000',13), (14,'70000000-0000-0000-0000-000000000000',14),
(15,'80000000-0000-0000-0000-000000000000',15), (16,'90000000-0000-0000-0000-000000000000',16),
(17,'a0000000-0000-0000-0000-000000000000',17), (18,'b0000000-0000-0000-0000-000000000000',18),
(19,'c0000000-0000-0000-0000-000000000000',19), (20,'d0000000-0000-0000-0000-000000000000',20),
(21,'e0000000-0000-0000-0000-000000000000',21);

-- 5. DateTime
INSERT INTO test_db_2.tb_datetime VALUES 
(1,'2023-01-01 00:00:00.000',1), (2,'2023-01-01 00:00:00.001',2), 
(3,'2023-12-31 23:59:59.999',3), (4,'2024-02-29 12:00:00.000',4), (5,NULL,5),
(6,'2000-01-01 00:00:00.000',6), (7,'1999-12-31 23:59:59.000',7), 
(8,'2025-01-01 10:00:00.000',8), (9,'2025-01-01 10:00:00.001',9),
(10,'2025-06-15 12:30:45.000',10), (11,'2025-06-15 12:30:45.500',11),
(12,'2038-01-19 03:14:07.000',12), (13,'2038-01-19 03:14:08.000',13),
(14,'1970-01-01 00:00:00.000',14), (15,'2022-02-22 22:22:22.000',15),
(16,'2023-03-15 00:00:00',16), (17,'2023-04-15 00:00:00',17),
(18,'2023-05-15 00:00:00',18), (19,'2023-06-15 00:00:00',19),
(20,'2023-07-15 00:00:00',20), (21,'2023-08-15 00:00:00',21);

-- 6. Composite Key
INSERT INTO test_db_2.tb_composite VALUES 
(1,100,'admin',1), (2,100,'guest',2), (3,101,'admin',3), (4,102,'a',4), (5,102,'b',5),
(6,103,'user1',6), (7,103,'user2',7), (8,103,'user3',8), (9,104,'test',9),
(10,105,'test',10), (11,106,'test',11), (12,100,'user_01',12), (13,100,'user_02',13),
(14,101,'user_01',14), (15,200,'admin',15), (16,200,'guest',16), (17,300,'a',17),
(18,300,'b',18), (19,300,'c',19), (20,400,'z',20), (21,500,'y',21);

-- 7. TinyInt (SmallInt)
INSERT INTO test_db_2.tb_tinyint VALUES 
(1,-128,'min_val'), (2,-127,'min_p1'), (3,-100,'neg_100'), (4,-50,'neg_50'), 
(5,-1,'neg_1'), (6,0,'zero'), (7,1,'pos_1'), (8,50,'pos_50'), (9,100,'pos_100'), 
(10,127,'max_val'), (11,126,'max_m1'), (12,NULL,'is_null'), (13,-10,'neg_10'),
(14,10,'pos_10'), (15,20,'pos_20'), (16,30,'pos_30'), (17,40,'pos_40'),
(18,60,'pos_60'), (19,70,'pos_70'), (20,-70,'neg_70'), (21,-60,'neg_60');

-- 8. BigInt Unsigned (Numeric)
INSERT INTO test_db_2.tb_bigint_unsigned VALUES 
(1,0,'min_val'), (2,1,'one'), (3,100,'hundred'), (4,100000,'large'), 
(5,4294967295,'max_int32'), (6,4294967296,'over_int32'), (7,18446744073709551615,'max_u64'),
(8,18446744073709551614,'max_u64_m1'), (9,NULL,'is_null'), (10,1000,'1k'),
(11,2000,'2k'), (12,3000,'3k'), (13,4000,'4k'), (14,5000,'5k'), (15,100000000,'100m'),
(16,200000000,'200m'), (17,5000000000,'5b'), (18,10000000000,'10b'),
(19,9000000000000000000,'huge_1'), (20,9100000000000000000,'huge_2'), 
(21,50,'tiny');

-- 9. Decimal & Float
INSERT INTO test_db_2.tb_decimal VALUES 
(1,-99999.99,'min'), (2,-100.50,'neg_f'), (3,0.00,'zero'), (4,0.01,'small'),
(5,1.00,'one'), (6,3.14,'pi'), (7,100.00,'hundred'), (8,12345.67,'random'),
(9,99999.99,'max'), (10,NULL,'null'), (11,-500.00,'neg_500'), (12,500.00,'pos_500'),
(13,10.50,'10_5'), (14,20.50,'20_5'), (15,30.50,'30_5'), (16,99.98,'almost_100'),
(17,100.01,'over_100'), (18,1000.00,'1k'), (19,2000.00,'2k'), (20,5000.55,'5k_f'),
(21,1.11,'rep_1');

-- 10. Date
INSERT INTO test_db_2.tb_date VALUES 
(1,'1000-01-01','min'), (2,'1970-01-01','epoch'), (3,'2000-01-01','y2k'),
(4,'2020-02-29','leap'), (5,'9999-12-31','max'), (6,NULL,'null'),
(7,'2023-01-01','curr_start'), (8,'2023-12-31','curr_end'), (9,'2024-01-01','next_start'),
(10,'2024-06-01','next_mid'), (11,'2025-01-01','future_1'), (12,'2026-01-01','future_2'),
(13,'2030-01-01','future_3'), (14,'2040-01-01','future_4'), (15,'1950-01-01','past_1'),
(16,'1980-01-01','past_2'), (17,'1990-01-01','past_3'), (18,'2023-02-01','feb'),
(19,'2023-03-01','mar'), (20,'2023-04-01','apr'), (21,'2023-05-01','may');

-- 11. VarBinary (Bytea)
-- Converted 0x... to '\x...' and strings to hex bytea representation
-- INSERT INTO test_db_2.tb_varbinary VALUES 
-- (1,'\x00','null_byte'), (2,'\x01','one'), (3,'\x41','A_hex41'), (4,'\x61','a_hex61'),
-- (5,'\xFF','max_byte'), (6,NULL,'null'), (7,'\x42','B'), (8,'\x62','b'), (9,'\x31','char_1'),
-- (10,'\x02','two'), (11,'\x10','sixteen'), (12,'\x20','thirtytwo'), (13,'\x7F','max_ascii'),
-- (14,'\x80','ext_ascii'), (15,'\x4141','double_A'), (16,'\x6161','double_a'), (17,'\x4162','mixed'),
-- (18,'\x1234','multi_1'), (19,'\x5678','multi_2'), (20,'\x9ABC','multi_3'), 
-- (21,'\xFFFF','max_2byte');

-- 12. Varchar Primary Key
INSERT INTO test_db_2.tb_varchar_pk VALUES 
(1,'',0), (2,' ',0), (3,'-',0), (4,'0',0), (5,'1',1), (6,'10',10), (7,'100',100),
(8,'2',2), (9,'A',65), (10,'a',97), (11,'AA',6565), (12,'B',66), 
(13,'ORD_001',2023), (14,'ORD_002',2023), (15,'ORD_003',2024), 
(16,'User_1',999), (17,'User_2',888), (18,'你好',1000), (19,'测试',1001), 
(20,'🌟',9999), (21,'🔥',9998), (22,'zzzz',99), (23,'~~~~',126);

-- 13. Text with Prefix Index
INSERT INTO test_db_2.tb_text_pk VALUES 
(1,'a',1), (2,'ab',2), (3,'abc',3), (4,REPEAT('a',60),4), (5,REPEAT('a',63),5), 
(6,CONCAT(REPEAT('a',63),'X'),6), (7,CONCAT(REPEAT('a',63),'Y'),7), 
(8,'json_a',10), (9,'json_b',11), (10,'log_1',20), (11,'log_2',21), 
(12,'info_1',30), (13,'http://site.com/1',40), (14,'http://site.com/2',41), 
(15,'Lorem ipsum',50), (16,'Short_CN_测试',60), (17,'Long_CN_测试测试测试',61), 
(18,'100',100), (19,'200',200), (20,'unique_prefix_1',300), 
(21,'unique_prefix_2',301), (22,NULL,NULL);

-- 14. Blob with Prefix Index (Bytea)
-- Converted _binary literals to '\x...' style
-- INSERT INTO test_db_2.tb_blob_pk VALUES 
-- (1,'\x',0), (2,'\x61',97), (3,'\x41',65), (4,'\x6162',2), (5,'\x6163',3), (6,'\x00',0), (7,'\x0000',0), 
-- (8,'\x0001',1), (9,'\x01',1), (10,'\x0F',15), (11,'\x10',16), (12,'\x7F',127), (13,'\x80',128), (14,'\xFF',255), 
-- (15,'\xFFFF',65535), (16,'\x31',49), (17,'\x3130',50), (18,'\x32',50), 
-- (19,'\xAAAAAAAAAAAAAAAAAAAA',88), 
-- (20,'\xAAAAAAAAAAAAAAAAAAAAAAAAAAAAAAAAAAAAAAAAAAAAAAAAAAAAAAAAAAAAAAAAAAAAAAAAAAAAAAAAAAAAAAAAAAAAAAAAAAAAAAAAAAAAAAAAAAAAAAAA',89), 
-- (21,'\xAAAAAAAAAAAAAAAAAAAAAAAAAAAAAAAAAAAAAAAAAAAAAAAAAAAAAAAAAAAAAAAAAAAAAAAAAAAAAAAAAAAAAAAAAAAAAAAAAAAAAAAAAAAAAAAAAAAAAAAAAAAAAA00',90), 
-- (22,'\xAAAAAAAAAAAAAAAAAAAAAAAAAAAAAAAAAAAAAAAAAAAAAAAAAAAAAAAAAAAAAAAAAAAAAAAAAAAAAAAAAAAAAAAAAAAAAAAAAAAAAAAAAAAAAAAAAAAAAAAAAAAAAA01',91),
-- (23,NULL,NULL);

-- 15. Float/Double
INSERT INTO test_db_2.tb_float VALUES 
(1,-3.402823e38,'min_float'), (2,-1000.5,'neg_large'), (3,-1.5,'neg_small'), (4,'NaN','nan_val'),
(5,0.0,'zero'), (6,0.000001,'tiny'), (7,1.5,'small'), (8,3.14159,'pi'),
(9,100.123,'hundred'), (10,1000.456,'thousand'), (11,1.23e10,'sci_1'), (12,4.56e20,'sci_2'),
(13,3.402823e38,'max_float'), (14,NULL,'null'), (15,-100.1,'neg_100'),
(16,100.1,'pos_100'), (17,999.999,'almost_1k'), (18,0.5,'half'),
(19,0.333333,'third'), (20,2.718281828,'euler'), (21,1.414213562,'sqrt2');

-- Analyze tables to update statistics on reltuples
ANALYZE VERBOSE;