INSERT INTO test_db_1.no_pk_no_uk VALUES (1,2,3,4,5,123456.1234,1234.12,12345.123,1893,'2022-01-02 03:04:05.123456','03:04:05.123456','2022-01-02',2022,'2022-01-02 03:04:05.123456','ab','cd','ef','gh','ij','kl','mn','op',x'0123456789ABCDEF',x'0123456789ABCDEF',x'0123456789ABCDEF',x'0123456789ABCDEF','x-small','c', NULL);
INSERT INTO test_db_1.no_pk_no_uk VALUES (2,2,3,4,5,123456.1234,1234.12,12345.123,1893,'2022-01-02 03:04:05.123456','03:04:05.123456','2022-01-02',2022,'2022-01-02 03:04:05.123456','ab','cd','ef','gh','ij','kl','mn','op',x'0123456789ABCDEF',x'0123456789ABCDEF',x'0123456789ABCDEF',x'0123456789ABCDEF','x-small','c', NULL);
INSERT INTO test_db_1.no_pk_no_uk VALUES (NULL, NULL, NULL, NULL, NULL, NULL, NULL, NULL, NULL, NULL, NULL, NULL, NULL, NULL, NULL, NULL, NULL, NULL, NULL, NULL, NULL, NULL, NULL, NULL, NULL, NULL, NULL, NULL, NULL);
INSERT INTO test_db_1.no_pk_no_uk VALUES (3,2,3,4,5,123456.1234,1234.12,12345.123,1893,'2022-01-02 03:04:05.123456','03:04:05.123456','2022-01-02',2022,'2022-01-02 03:04:05.123456','ab','cd','ef','gh','ij','kl','mn','op',x'0123456789ABCDEF',x'0123456789ABCDEF',x'0123456789ABCDEF',x'0123456789ABCDEF','x-small','c', NULL);
INSERT INTO test_db_1.no_pk_no_uk VALUES (4,2,3,4,5,123456.1234,1234.12,12345.123,1893,'2022-01-02 03:04:05.123456','03:04:05.123456','2022-01-02',2022,'2022-01-02 03:04:05.123456','ab','cd','ef','gh','ij','kl','mn','op',x'0123456789ABCDEF',x'0123456789ABCDEF',x'0123456789ABCDEF',x'0123456789ABCDEF','x-small','c', NULL);
INSERT INTO test_db_1.no_pk_no_uk VALUES (NULL, NULL, NULL, NULL, NULL, NULL, NULL, NULL, NULL, NULL, NULL, NULL, NULL, NULL, NULL, NULL, NULL, NULL, NULL, NULL, NULL, NULL, NULL, NULL, NULL, NULL, NULL, NULL, NULL);
INSERT INTO test_db_1.no_pk_no_uk VALUES (5,2,3,4,5,123456.1234,1234.12,12345.123,1893,'2022-01-02 03:04:05.123456','03:04:05.123456','2022-01-02',2022,'2022-01-02 03:04:05.123456','ab','cd','ef','gh','ij','kl','mn','op',x'0123456789ABCDEF',x'0123456789ABCDEF',x'0123456789ABCDEF',x'0123456789ABCDEF','x-small','c', NULL);
INSERT INTO test_db_1.no_pk_no_uk VALUES (6,2,3,4,5,123456.1234,1234.12,12345.123,1893,'2022-01-02 03:04:05.123456','03:04:05.123456','2022-01-02',2022,'2022-01-02 03:04:05.123456','ab','cd','ef','gh','ij','kl','mn','op',x'0123456789ABCDEF',x'0123456789ABCDEF',x'0123456789ABCDEF',x'0123456789ABCDEF','x-small','c', NULL);
INSERT INTO test_db_1.no_pk_no_uk VALUES (NULL, NULL, NULL, NULL, NULL, NULL, NULL, NULL, NULL, NULL, NULL, NULL, NULL, NULL, NULL, NULL, NULL, NULL, NULL, NULL, NULL, NULL, NULL, NULL, NULL, NULL, NULL, NULL, NULL);

INSERT INTO test_db_1.one_pk_no_uk VALUES (1,2,3,4,5,123456.1234,1234.12,12345.123,1893,'2022-01-02 03:04:05.123456','03:04:05.123456','2022-01-02',2022,'2022-01-02 03:04:05.123456','ab','cd','ef','gh','ij','kl','mn','op',x'0123456789ABCDEF',x'0123456789ABCDEF',x'0123456789ABCDEF',x'0123456789ABCDEF','x-small','c', NULL);
INSERT INTO test_db_1.one_pk_no_uk VALUES (2,20,30,40,50,654321.4321,4321.21,54321.321,3045,'2021-02-01 04:05:06.654321','04:05:06.654321','2012-02-01',2021,'2021-02-01 04:05:06.654321','1','2','3','4','5','6','7','8',x'ABCDEF0123456789',x'ABCDEF0123456789',x'ABCDEF0123456789',x'ABCDEF0123456789','small','b', NULL);
INSERT INTO test_db_1.one_pk_no_uk VALUES (3, NULL, NULL, NULL, NULL, NULL, NULL, NULL, NULL, NULL, NULL, NULL, NULL, NULL, NULL, NULL, NULL, NULL, NULL, NULL, NULL, NULL, NULL, NULL, NULL, NULL, NULL, NULL, NULL);
INSERT INTO test_db_1.one_pk_no_uk VALUES (4,2,3,4,5,123456.1234,1234.12,12345.123,1893,'2022-01-02 03:04:05.123456','03:04:05.123456','2022-01-02',2022,'2022-01-02 03:04:05.123456','ab','cd','ef','gh','ij','kl','mn','op',x'0123456789ABCDEF',x'0123456789ABCDEF',x'0123456789ABCDEF',x'0123456789ABCDEF','x-small','c', NULL);
INSERT INTO test_db_1.one_pk_no_uk VALUES (5,20,30,40,50,654321.4321,4321.21,54321.321,3045,'2021-02-01 04:05:06.654321','04:05:06.654321','2012-02-01',2021,'2021-02-01 04:05:06.654321','1','2','3','4','5','6','7','8',x'ABCDEF0123456789',x'ABCDEF0123456789',x'ABCDEF0123456789',x'ABCDEF0123456789','small','b', NULL);
INSERT INTO test_db_1.one_pk_no_uk VALUES (6, NULL, NULL, NULL, NULL, NULL, NULL, NULL, NULL, NULL, NULL, NULL, NULL, NULL, NULL, NULL, NULL, NULL, NULL, NULL, NULL, NULL, NULL, NULL, NULL, NULL, NULL, NULL, NULL);
INSERT INTO test_db_1.one_pk_no_uk VALUES (7,2,3,4,5,123456.1234,1234.12,12345.123,1893,'2022-01-02 03:04:05.123456','03:04:05.123456','2022-01-02',2022,'2022-01-02 03:04:05.123456','ab','cd','ef','gh','ij','kl','mn','op',x'0123456789ABCDEF',x'0123456789ABCDEF',x'0123456789ABCDEF',x'0123456789ABCDEF','x-small','c', NULL);
INSERT INTO test_db_1.one_pk_no_uk VALUES (8,20,30,40,50,654321.4321,4321.21,54321.321,3045,'2021-02-01 04:05:06.654321','04:05:06.654321','2012-02-01',2021,'2021-02-01 04:05:06.654321','1','2','3','4','5','6','7','8',x'ABCDEF0123456789',x'ABCDEF0123456789',x'ABCDEF0123456789',x'ABCDEF0123456789','small','b', NULL);
INSERT INTO test_db_1.one_pk_no_uk VALUES (9, NULL, NULL, NULL, NULL, NULL, NULL, NULL, NULL, NULL, NULL, NULL, NULL, NULL, NULL, NULL, NULL, NULL, NULL, NULL, NULL, NULL, NULL, NULL, NULL, NULL, NULL, NULL, NULL);

INSERT INTO test_db_1.no_pk_one_uk VALUES (1,1,1,4,5,123456.1234,1234.12,12345.123,1893,'2022-01-02 03:04:05.123456','03:04:05.123456','2022-01-02',2022,'2022-01-02 03:04:05.123456','ab','cd','ef','gh','ij','kl','mn','op',x'0123456789ABCDEF',x'0123456789ABCDEF',x'0123456789ABCDEF',x'0123456789ABCDEF','x-small','c', NULL);
INSERT INTO test_db_1.no_pk_one_uk VALUES (2,2,1,40,50,654321.4321,4321.21,54321.321,3045,'2021-02-01 04:05:06.654321','04:05:06.654321','2012-02-01',2021,'2021-02-01 04:05:06.654321','1','2','3','4','5','6','7','8',x'ABCDEF0123456789',x'ABCDEF0123456789',x'ABCDEF0123456789',x'ABCDEF0123456789','small','b', NULL);
INSERT INTO test_db_1.no_pk_one_uk VALUES (3,3,1,4,5,123456.1234,1234.12,12345.123,1893,'2022-01-02 03:04:05.123456','03:04:05.123456','2022-01-02',2022,'2022-01-02 03:04:05.123456','ab','cd','ef','gh','ij','kl','mn','op',x'0123456789ABCDEF',x'0123456789ABCDEF',x'0123456789ABCDEF',x'0123456789ABCDEF','x-small','c', NULL);
INSERT INTO test_db_1.no_pk_one_uk VALUES (4,4,1,40,50,654321.4321,4321.21,54321.321,3045,'2021-02-01 04:05:06.654321','04:05:06.654321','2012-02-01',2021,'2021-02-01 04:05:06.654321','1','2','3','4','5','6','7','8',x'ABCDEF0123456789',x'ABCDEF0123456789',x'ABCDEF0123456789',x'ABCDEF0123456789','small','b', NULL);
INSERT INTO test_db_1.no_pk_one_uk VALUES (5,5,1,4,5,123456.1234,1234.12,12345.123,1893,'2022-01-02 03:04:05.123456','03:04:05.123456','2022-01-02',2022,'2022-01-02 03:04:05.123456','ab','cd','ef','gh','ij','kl','mn','op',x'0123456789ABCDEF',x'0123456789ABCDEF',x'0123456789ABCDEF',x'0123456789ABCDEF','x-small','c', NULL);
INSERT INTO test_db_1.no_pk_one_uk VALUES (6,6,1,40,50,654321.4321,4321.21,54321.321,3045,'2021-02-01 04:05:06.654321','04:05:06.654321','2012-02-01',2021,'2021-02-01 04:05:06.654321','1','2','3','4','5','6','7','8',x'ABCDEF0123456789',x'ABCDEF0123456789',x'ABCDEF0123456789',x'ABCDEF0123456789','small','b', NULL);
INSERT INTO test_db_1.no_pk_one_uk VALUES (7,7,1,4,5,123456.1234,1234.12,12345.123,1893,'2022-01-02 03:04:05.123456','03:04:05.123456','2022-01-02',2022,'2022-01-02 03:04:05.123456','ab','cd','ef','gh','ij','kl','mn','op',x'0123456789ABCDEF',x'0123456789ABCDEF',x'0123456789ABCDEF',x'0123456789ABCDEF','x-small','c', NULL);
INSERT INTO test_db_1.no_pk_one_uk VALUES (8,8,1,40,50,654321.4321,4321.21,54321.321,3045,'2021-02-01 04:05:06.654321','04:05:06.654321','2012-02-01',2021,'2021-02-01 04:05:06.654321','1','2','3','4','5','6','7','8',x'ABCDEF0123456789',x'ABCDEF0123456789',x'ABCDEF0123456789',x'ABCDEF0123456789','small','b', NULL);
INSERT INTO test_db_1.no_pk_one_uk VALUES (NULL, NULL, NULL, NULL, NULL, NULL, NULL, NULL, NULL, NULL, NULL, NULL, NULL, NULL, NULL, NULL, NULL, NULL, NULL, NULL, NULL, NULL, NULL, NULL, NULL, NULL, NULL, NULL, NULL);

INSERT INTO test_db_1.no_pk_multi_uk VALUES (1,1,1,1,5,123456.1234,1234.12,12345.123,1893,'2022-01-02 03:04:05.123456','03:04:05.123456','2022-01-02',2022,'2022-01-02 03:04:05.123456','ab','cd','ef','gh','ij','kl','mn','op',x'0123456789ABCDEF',x'0123456789ABCDEF',x'0123456789ABCDEF',x'0123456789ABCDEF','x-small','c', NULL);
INSERT INTO test_db_1.no_pk_multi_uk VALUES (2,2,1,2,50,654321.4321,4321.23,54321.321,3045,'2021-02-01 04:05:06.654321','04:05:06.654321','2012-02-01',2021,'2021-02-01 04:05:06.654321','1','2','3','4','5','6','7','8',x'ABCDEF0123456789',x'ABCDEF0123456789',x'ABCDEF0123456789',x'ABCDEF0123456789','small','b', NULL);
INSERT INTO test_db_1.no_pk_multi_uk VALUES (3,3,1,3,5,123456.1234,1234.34,12345.123,1893,'2022-01-02 03:04:05.123456','03:04:05.123456','2022-01-02',2022,'2022-01-02 03:04:05.123456','ab','cd','ef','gh','ij','kl','mn','op',x'0123456789ABCDEF',x'0123456789ABCDEF',x'0123456789ABCDEF',x'0123456789ABCDEF','x-small','c', NULL);
INSERT INTO test_db_1.no_pk_multi_uk VALUES (4,4,1,4,50,654321.4321,4321.45,54321.321,3045,'2021-02-01 04:05:06.654321','04:05:06.654321','2012-02-01',2021,'2021-02-01 04:05:06.654321','1','2','3','4','5','6','7','8',x'ABCDEF0123456789',x'ABCDEF0123456789',x'ABCDEF0123456789',x'ABCDEF0123456789','small','b', NULL);
INSERT INTO test_db_1.no_pk_multi_uk VALUES (5,5,1,5,5,123456.1234,1234.56,12345.123,1893,'2022-01-02 03:04:05.123456','03:04:05.123456','2022-01-02',2022,'2022-01-02 03:04:05.123456','ab','cd','ef','gh','ij','kl','mn','op',x'0123456789ABCDEF',x'0123456789ABCDEF',x'0123456789ABCDEF',x'0123456789ABCDEF','x-small','c', NULL);
INSERT INTO test_db_1.no_pk_multi_uk VALUES (6,6,1,6,50,654321.4321,4321.67,54321.321,3045,'2021-02-01 04:05:06.654321','04:05:06.654321','2012-02-01',2021,'2021-02-01 04:05:06.654321','1','2','3','4','5','6','7','8',x'ABCDEF0123456789',x'ABCDEF0123456789',x'ABCDEF0123456789',x'ABCDEF0123456789','small','b', NULL);
INSERT INTO test_db_1.no_pk_multi_uk VALUES (7,7,1,7,5,123456.1234,1234.78,12345.123,1893,'2022-01-02 03:04:05.123456','03:04:05.123456','2022-01-02',2022,'2022-01-02 03:04:05.123456','ab','cd','ef','gh','ij','kl','mn','op',x'0123456789ABCDEF',x'0123456789ABCDEF',x'0123456789ABCDEF',x'0123456789ABCDEF','x-small','c', NULL);
INSERT INTO test_db_1.no_pk_multi_uk VALUES (8,8,1,8,50,654321.4321,4321.89,54321.321,3045,'2021-02-01 04:05:06.654321','04:05:06.654321','2012-02-01',2021,'2021-02-01 04:05:06.654321','1','2','3','4','5','6','7','8',x'ABCDEF0123456789',x'ABCDEF0123456789',x'ABCDEF0123456789',x'ABCDEF0123456789','small','b', NULL);
INSERT INTO test_db_1.no_pk_multi_uk VALUES (NULL, NULL, NULL, NULL, NULL, NULL, NULL, NULL, NULL, NULL, NULL, NULL, NULL, NULL, NULL, NULL, NULL, NULL, NULL, NULL, NULL, NULL, NULL, NULL, NULL, NULL, NULL, NULL, NULL);

INSERT INTO test_db_1.one_pk_multi_uk VALUES (1,1,1,1,5,123456.1234,1234.12,12345.123,1893,'2022-01-02 03:04:05.123456','03:04:05.123456','2022-01-02',2022,'2022-01-02 03:04:05.123456','ab','cd','ef','gh','ij','kl','mn','op',x'0123456789ABCDEF',x'0123456789ABCDEF',x'0123456789ABCDEF',x'0123456789ABCDEF','x-small','c', NULL);
INSERT INTO test_db_1.one_pk_multi_uk VALUES (2,2,1,2,50,654321.4321,4321.23,54321.321,3045,'2021-02-01 04:05:06.654321','04:05:06.654321','2012-02-01',2021,'2021-02-01 04:05:06.654321','1','2','3','4','5','6','7','8',x'ABCDEF0123456789',x'ABCDEF0123456789',x'ABCDEF0123456789',x'ABCDEF0123456789','small','b', NULL);
INSERT INTO test_db_1.one_pk_multi_uk VALUES (3,3,1,3,5,123456.1234,1234.34,12345.123,1893,'2022-01-02 03:04:05.123456','03:04:05.123456','2022-01-02',2022,'2022-01-02 03:04:05.123456','ab','cd','ef','gh','ij','kl','mn','op',x'0123456789ABCDEF',x'0123456789ABCDEF',x'0123456789ABCDEF',x'0123456789ABCDEF','x-small','c', NULL);
INSERT INTO test_db_1.one_pk_multi_uk VALUES (4,4,1,4,50,654321.4321,4321.45,54321.321,3045,'2021-02-01 04:05:06.654321','04:05:06.654321','2012-02-01',2021,'2021-02-01 04:05:06.654321','1','2','3','4','5','6','7','8',x'ABCDEF0123456789',x'ABCDEF0123456789',x'ABCDEF0123456789',x'ABCDEF0123456789','small','b', NULL);
INSERT INTO test_db_1.one_pk_multi_uk VALUES (5,5,1,5,5,123456.1234,1234.56,12345.123,1893,'2022-01-02 03:04:05.123456','03:04:05.123456','2022-01-02',2022,'2022-01-02 03:04:05.123456','ab','cd','ef','gh','ij','kl','mn','op',x'0123456789ABCDEF',x'0123456789ABCDEF',x'0123456789ABCDEF',x'0123456789ABCDEF','x-small','c', NULL);
INSERT INTO test_db_1.one_pk_multi_uk VALUES (6,6,1,6,50,654321.4321,4321.67,54321.321,3045,'2021-02-01 04:05:06.654321','04:05:06.654321','2012-02-01',2021,'2021-02-01 04:05:06.654321','1','2','3','4','5','6','7','8',x'ABCDEF0123456789',x'ABCDEF0123456789',x'ABCDEF0123456789',x'ABCDEF0123456789','small','b', NULL);
INSERT INTO test_db_1.one_pk_multi_uk VALUES (7,7,1,7,5,123456.1234,1234.78,12345.123,1893,'2022-01-02 03:04:05.123456','03:04:05.123456','2022-01-02',2022,'2022-01-02 03:04:05.123456','ab','cd','ef','gh','ij','kl','mn','op',x'0123456789ABCDEF',x'0123456789ABCDEF',x'0123456789ABCDEF',x'0123456789ABCDEF','x-small','c', NULL);
INSERT INTO test_db_1.one_pk_multi_uk VALUES (8,8,1,8,50,654321.4321,4321.89,54321.321,3045,'2021-02-01 04:05:06.654321','04:05:06.654321','2012-02-01',2021,'2021-02-01 04:05:06.654321','1','2','3','4','5','6','7','8',x'ABCDEF0123456789',x'ABCDEF0123456789',x'ABCDEF0123456789',x'ABCDEF0123456789','small','b', NULL);
INSERT INTO test_db_1.one_pk_multi_uk VALUES (9, NULL, NULL, NULL, NULL, NULL, NULL, NULL, NULL, NULL, NULL, NULL, NULL, NULL, NULL, NULL, NULL, NULL, NULL, NULL, NULL, NULL, NULL, NULL, NULL, NULL, NULL, NULL, NULL);

INSERT INTO test_db_1.col_has_special_character_table VALUES(1, 'col:1:value', 'col&2:value', 'col\3:value');
INSERT INTO test_db_1.col_has_special_character_table VALUES(2, NULL, NULL, NULL);

INSERT INTO test_db_1.longtext_bin_collation_table VALUES(1, 'abc');
INSERT INTO test_db_1.longtext_bin_collation_table VALUES(2, 'CaseSensitiveContent');

INSERT INTO test_db_1.enum_set_bin_collation_table VALUES(1, 'small', 'a,b');
INSERT INTO test_db_1.enum_set_bin_collation_table VALUES(2, 'large', '');

-- min for each col
INSERT INTO test_db_1.numeric_table VALUES(-128, 0, -32768, 0, -8388608, 0, -2147483648, 0, -9223372036854775808, 0);
-- max for each col
INSERT INTO test_db_1.numeric_table VALUES(127, 255, 32767, 65535, 8388607, 16777215, 2147483647, 4294967295, 9223372036854775807, 18446744073709551615);
-- zero
INSERT INTO test_db_1.numeric_table VALUES(0, 0, 0, 0, 0, 0, 0, 0, 0, 0);

-- https://dev.mysql.com/doc/refman/8.4/en/datetime.html
-- https://dev.mysql.com/doc/refman/8.4/en/time.html
-- https://dev.mysql.com/doc/refman/8.4/en/year.html
INSERT INTO test_db_1.date_time_table VALUES(1, NULL, NULL, NULL, NULL, NULL, NULL, NULL, NULL);
-- min for each col
INSERT INTO test_db_1.date_time_table VALUES(2, '1000-01-01 00:00:00', '1000-01-01 00:00:00.000000', '-838:59:59', '-838:59:59.000000', '1970-01-01 00:00:01', '1970-01-01 00:00:01.000000', '1000-01-01', 1901);
-- max for each col
INSERT INTO test_db_1.date_time_table VALUES(3, '9999-12-31 23:59:59', '9999-12-31 23:59:59.499999', '838:59:59', '838:59:59.000000', '2038-01-19 03:14:07', '2038-01-19 03:14:07.499999', '9999-12-31', 2155);
-- zero
INSERT INTO test_db_1.date_time_table VALUES(4, '1000-01-01 00:00:00', '1000-01-01 00:00:00.000000', '00:00:00', '00:00:00.000000', '1970-01-01 00:00:01', '1970-01-01 00:00:01.000000', '1000-01-01', 1901);

INSERT INTO test_db_1.set_table VALUES(1, ''), (2, 'a'), (3, 'a,b'), (4, 'a,b,c,d,e'), (5, NULL);

INSERT INTO test_db_1.spatial_table VALUES (
    1,
    ST_GeomFromText('POINT(0 0)'),
    ST_GeomFromText('POINT(1 1)'),
    ST_GeomFromText('LINESTRING(0 0, 1 1, 2 2)'),
    ST_GeomFromText('POLYGON((0 0, 10 0, 10 10, 0 10, 0 0))'),
    ST_GeomFromText('MULTIPOINT((0 0), (1 1), (2 2))'),
    ST_GeomFromText('MULTILINESTRING((0 0, 1 1), (2 2, 3 3))'),
    ST_GeomFromText('MULTIPOLYGON(((0 0, 10 0, 10 10, 0 10, 0 0)), ((20 20, 30 20, 30 30, 20 30, 20 20)))'),
    ST_GeomFromText('GEOMETRYCOLLECTION(POINT(0 0), LINESTRING(0 0, 1 1))')
);
INSERT INTO test_db_1.spatial_table VALUES (2, NULL, NULL, NULL, NULL, NULL, NULL, NULL, NULL);
INSERT INTO test_db_1.spatial_table VALUES (
    3,
    ST_GeomFromText('LINESTRING(-1.5 -1.5, 0 0, 3.25 4.75)'),
    ST_GeomFromText('POINT(-73.9857 40.7484)'),
    ST_GeomFromText('LINESTRING(-10 -10, -5 0, 0 5, 10 10)'),
    ST_GeomFromText('POLYGON((-5 -5, 5 -5, 5 5, -5 5, -5 -5))'),
    ST_GeomFromText('MULTIPOINT((-1 -1), (0 0), (1 1))'),
    ST_GeomFromText('MULTILINESTRING((-1 -1, 0 0), (10 10, 20 20, 30 30))'),
    ST_GeomFromText('MULTIPOLYGON(((-5 -5, 0 -5, 0 0, -5 0, -5 -5)), ((1 1, 4 1, 4 4, 1 4, 1 1)))'),
    ST_GeomFromText('GEOMETRYCOLLECTION(POINT(-1 -1), POLYGON((0 0, 2 0, 2 2, 0 2, 0 0)))')
);
INSERT INTO test_db_1.spatial_table VALUES (
    4,
    ST_GeomFromText('POLYGON((100 100, 110 100, 110 110, 100 110, 100 100))'),
    ST_GeomFromText('POINT(180 -90)'),
    ST_GeomFromText('LINESTRING(100 100, 110 105, 120 100)'),
    ST_GeomFromText('POLYGON((0 0, 8 0, 8 8, 0 8, 0 0), (2 2, 6 2, 6 6, 2 6, 2 2))'),
    ST_GeomFromText('MULTIPOINT((10 10), (20 20), (30 30), (40 40))'),
    ST_GeomFromText('MULTILINESTRING((0 0, 0 10), (10 0, 10 10), (20 0, 20 10))'),
    ST_GeomFromText('MULTIPOLYGON(((0 0, 3 0, 3 3, 0 3, 0 0)), ((5 5, 9 5, 9 9, 5 9, 5 5)))'),
    ST_GeomFromText('GEOMETRYCOLLECTION(MULTIPOINT((1 1), (2 2)), LINESTRING(3 3, 4 4))')
);
INSERT INTO test_db_1.spatial_table VALUES (
    5,
    ST_GeomFromText('POINT(9 9)'),
    NULL,
    ST_GeomFromText('LINESTRING(9 9, 10 10)'),
    NULL,
    ST_GeomFromText('MULTIPOINT((9 9), (10 10))'),
    NULL,
    ST_GeomFromText('MULTIPOLYGON(((9 9, 10 9, 10 10, 9 10, 9 9)))'),
    NULL
);

-- ignore cols
INSERT INTO test_db_1.ignore_cols_1 VALUES(1, 1, 1, 1),(2, 2, 2, 2);
INSERT INTO test_db_1.ignore_cols_2 VALUES(1, 1, 1, 1),(2, 2, 2, 2);

INSERT INTO Upper_Case_DB.Upper_Case_TB VALUES(1, 1, 1, 1, 1),(2, 2, 2, 2, 2);

-- test where condition
INSERT INTO test_db_1.where_condition_1 VALUES(1, 1),(2, 2),(3, 3),(4, 4),(5, 5),(6, 6),(7, 7),(8, 8),(9, 9),(10, 10);
INSERT INTO test_db_1.where_condition_2 VALUES(1, 1),(2, 2),(3, 3),(4, 4),(5, 5),(6, 6),(7, 7),(8, 8),(9, 9),(10, 10);
INSERT INTO test_db_1.where_condition_3 VALUES(1, 1),(2, 2),(3, 3),(4, 4),(5, 5),(6, 6),(7, 7),(8, 8),(9, 9),(10, 10);

-- -- fix: https://github.com/apecloud/ape-dts/issues/328
-- -- test null datetime, date, time, timestamp
-- INSERT INTO test_db_1.zero_date_time_table VALUES(1, '0000-00-00 00:00:00', '00:00:00', '0000-00-00', '0000-00-00 00:00:00');

-- test foreign key
insert into test_db_1.fk_tb_2 VALUES(1,1,1,1),(2,2,2,2);
insert into test_db_1.fk_tb_1 VALUES(1,1,1,1),(2,2,2,2);

-- test composite primary key
INSERT INTO test_db_1.composite_pk_table VALUES(1, '1', 1),(2, '2', 2),(3, '3', 3),(4, '4', 4),(5, '5', 5),(6, '6', 6),(7, '7', 7),(8, '8', 8),(9, '9', 9),(10, '10', 10);

-- test non-nullable composite unique key
INSERT INTO test_db_1.composite_unique_key_table VALUES(1, '1', 1),(2, '2', 2),(3, '3', 3),(4, '4', 4),(5, '5', 5),(6, '6', 6),(7, '7', 7),(8, '8', 8),(9, '9', 9),(10, '10', 10);

--test nullable composite unique key
INSERT INTO test_db_1.composite_unique_key_table_2 VALUES(1, '1', 1),(2, '2', 2),(3, '3', 3),(4, '4', 4),(5, '5', 5),(6, '6', 6),(7, NULL, 7),(8, '8', NULL),(9, 'null', NULL),(10, NULL, NULL),(NULL, NULL, NULL),(NULL, NULL, NULL);

--test multi primary and single unique key
INSERT INTO test_db_1.multi_primary_and_single_unique_table VALUES(1, '1', 1, '1', 1),(2, '2', 2, '2', 2),(3, '3', 3, '3', 3),(4, '4', 4, '4', 4),(5, '5', 5, '5', 5),(6, '6', 6, '6', 6),(7, '7', 7, '7', 7),(8, '8', 8, '8', 8),(9, '9', 9, '9', 9),(10, '10', 10, '10', 10);

-- test negative time in composite snapshot order key
INSERT INTO test_db_1.negative_time_composite_pk_table VALUES
('-838:59:59.000000', 1901, 1),
('-707:21:36.670906', 1964, 2),
('-453:17:21.336220', 2133, 3),
('-376:04:41.822220', 2014, 4),
('-85:27:05.424411', 1964, 5),
('-00:00:00.000001', 1970, 6),
('00:00:00.000000', 1989, 7),
('838:59:59.000000', 2155, 8);

INSERT INTO test_db_1.negative_time_composite_uk_table VALUES
('-838:59:59.000000', 1901, 1),
('-707:21:36.670906', 1964, 2),
('-453:17:21.336220', 2133, 3),
('-376:04:41.822220', 2014, 4),
('-85:27:05.424411', 1964, 5),
('-00:00:00.000001', 1970, 6),
('00:00:00.000000', 1989, 7),
('838:59:59.000000', 2155, 8);
